BORNE;X;Y;NUM_PM
0;536879.98;418255.87;2050154
1;540879.98;418255.87;2050154
2;540879.98;414255.87;2050154
3;536879.98;414255.87;2050154
4;538984.80;418795.51;2050155
5;538984.80;422804.59;2050155
6;541485.80;422804.59;2050155
7;541485.80;418795.51;2050155
8;640105.497688;157835.911029;2050156
9;634288.051405;157695.793987;2050156
10;634297.536464;150555.725876;2050156
11;640115.393727;150695.847655;2050156
